key,org,Quarter,Util,NPM,GPM,GP_Per_CHead,GF_Per_Chead,NetVar,SubconPerc,LMult,Leverage,Ind_per_Chead,Dir_Per_Chead,TC_per_Chead,NP_per_Chead,Nvar_Perc_Eff,NVar_Perc_Rev,Rev_Budg_Var,GP_Budg_Var,NP_Budg_Var,DirLab_Perc_ProfFees,PropLab_Perc_ProfFees,BDLab_Perc_ProfFees,IndLab_Perc_ProfFees,TLab_Perc_ProfFees
Jan-Mar 2013-3230 ENVIRONMENTAL SERVICES,3230 ENVIRONMENTAL SERVICES,Jan-Mar 2013,61.81%,5.79%,38.26%,77 988.40,203 827.40,-76 672,51.70%,2.6,8.67,66 186,125 839,192 025,11 802,-1.41%,-1.43%,-5.21%,-29.87%,-26.81%,38.43%,1.17%,0.00%,30.19%,69.79%
Jan-Mar 2013-4320 POWER AND ENERGY,4320 POWER AND ENERGY,Jan-Mar 2013,65.16%,-4.11%,51.52%,96 691.30,187 694.10,112 819,9.60%,2.43,13.67,104 404,91 003,195 407,-7 712,1.54%,1.52%,-21.68%,-26.69%,-123.15%,41.14%,1.41%,0.00%,22.03%,64.58%
"Jan-Mar 2013-6240 DAMS, HYDROPOWER & UNDERGROUND","6240 DAMS, HYDROPOWER & UNDERGROUND",Jan-Mar 2013,79.33%,24.38%,38.81%,308 297.00,794 330.50,11 971 272,65.60%,1.85,16,114 604,486 034,600 638,193 693,33.79%,25.26%,85.90%,126.08%,418.33%,53.98%,-1.19%,0.00%,17.56%,70.36%
Jan-Mar 2013-8220 INTEGRATED INFRASTRUCTURE,8220 INTEGRATED INFRASTRUCTURE,Jan-Mar 2013,71.67%,10.23%,39.44%,139 338.70,353 314.10,4 511 386,52.80%,2.79,12.79,103 186,213 975,317 162,36 153,8.59%,7.91%,15.63%,24.62%,498.03%,35.89%,1.56%,0.00%,15.14%,52.60%
Jan-Mar 2013-9120 TRAFFIC & TRANSPORTATION,9120 TRAFFIC & TRANSPORTATION,Jan-Mar 2013,55.60%,20.63%,49.91%,135 585.10,271 640.90,958 095,38.70%,2.62,5.2,79 535,136 056,215 591,56 050,16.43%,14.11%,-13.82%,-17.49%,806.63%,38.20%,3.90%,0.00%,25.02%,67.12%
Jan-Mar 2013-9320 ROADS & HIGHWAYS,9320 ROADS & HIGHWAYS,Jan-Mar 2013,77.24%,6.61%,32.69%,96 203.20,294 270.30,-1 560 198,37.30%,2.07,11.83,76 757,198 067,274 825,19 446,-6.83%,-7.33%,-3.25%,-31.18%,-52.37%,48.25%,0.88%,0.00%,13.46%,62.59%
Jan-Mar 2013-9440 RAILWAY ENGINEERING SERVICES,9440 RAILWAY ENGINEERING SERVICES,Jan-Mar 2013,61.90%,21.81%,56.97%,227 355.40,399 064.90,3 326 522,32.20%,3.48,3.9,140 305,171 709,312 014,87 051,21.38%,17.61%,31.21%,57.55%,108.43%,28.76%,0.59%,0.00%,18.58%,47.93%
Apr-Jun 2013-3230 ENVIRONMENTAL SERVICES,3230 ENVIRONMENTAL SERVICES,Apr-Jun 2013,70.09%,-6.55%,43.48%,84 187.20,193 612.40,-516 985,32.20%,2.22,10,96 868,109 425,206 293,-12 681,-8.01%,-8.71%,20.37%,6.15%,61.87%,45.08%,4.51%,0.00%,22.62%,72.22%
Apr-Jun 2013-4320 POWER AND ENERGY,4320 POWER AND ENERGY,Apr-Jun 2013,73.66%,3.73%,53.29%,112 051.30,210 282.20,391 520,13.80%,2.57,15.67,104 212,98 231,202 443,7 839,3.89%,3.75%,-7.51%,-9.85%,-69.77%,38.87%,3.00%,0.00%,14.24%,56.11%
"Apr-Jun 2013-6240 DAMS, HYDROPOWER & UNDERGROUND","6240 DAMS, HYDROPOWER & UNDERGROUND",Apr-Jun 2013,83.21%,26.52%,46.64%,222 198.80,476 419.30,8 860 762,34.30%,3.02,14.5,95 835,254 220,350 056,126 364,42.20%,29.68%,-34.44%,-23.23%,-28.14%,33.11%,0.65%,0.00%,8.22%,41.97%
Apr-Jun 2013-8220 INTEGRATED INFRASTRUCTURE,8220 INTEGRATED INFRASTRUCTURE,Apr-Jun 2013,74.99%,3.26%,36.33%,111 462.30,306 763.10,786 042,49.40%,2.35,13.43,101 475,195 301,296 775,9 988,1.37%,1.36%,-6.58%,-6.66%,-54.00%,42.58%,1.80%,0.00%,15.32%,59.69%
Apr-Jun 2013-9120 TRAFFIC & TRANSPORTATION,9120 TRAFFIC & TRANSPORTATION,Apr-Jun 2013,63.99%,-14.17%,37.14%,105 189.20,283 241.30,-159 254,39.40%,2.15,7,145 335,178 052,323 387,-40 146,-2.09%,-2.14%,-7.59%,-30.67%,-424.35%,46.54%,4.07%,0.00%,19.44%,70.05%
Apr-Jun 2013-9320 ROADS & HIGHWAYS,9320 ROADS & HIGHWAYS,Apr-Jun 2013,78.63%,3.13%,37.76%,125 982.80,333 684.40,557 550,36.80%,2.24,9.43,115 547,207 702,323 249,10 436,2.39%,2.33%,-25.76%,-22.32%,-81.62%,44.65%,1.22%,0.00%,14.18%,60.05%
Apr-Jun 2013-9440 RAILWAY ENGINEERING SERVICES,9440 RAILWAY ENGINEERING SERVICES,Apr-Jun 2013,69.19%,18.56%,43.16%,247 133.00,572 573.10,2 542 618,58.00%,2.71,4,140 842,325 440,466 282,106 291,9.82%,8.94%,36.39%,28.54%,71.48%,36.94%,1.77%,0.00%,14.91%,53.62%
Jul-Sep 2013-3230 ENVIRONMENTAL SERVICES,3230 ENVIRONMENTAL SERVICES,Jul-Sep 2013,64.31%,11.40%,54.19%,109 671.60,202 370.00,672 386,27.50%,2.92,11.33,86 601,92 698,179 299,23 071,11.86%,10.60%,-2.36%,7.09%,92.49%,34.29%,5.51%,0.00%,20.52%,60.33%
Jul-Sep 2013-4320 POWER AND ENERGY,4320 POWER AND ENERGY,Jul-Sep 2013,74.94%,20.32%,59.78%,145 471.20,243 360.50,2 436 109,16.20%,3.07,12.5,96 023,97 889,193 912,49 448,23.29%,18.89%,5.82%,16.33%,53.02%,32.59%,2.81%,0.00%,12.77%,48.17%
"Jul-Sep 2013-6240 DAMS, HYDROPOWER & UNDERGROUND","6240 DAMS, HYDROPOWER & UNDERGROUND",Jul-Sep 2013,82.75%,23.03%,38.88%,260 375.80,669 755.10,7 861 112,64.10%,2.38,14.75,106 110,409 379,515 489,154 266,23.51%,19.03%,33.93%,49.46%,141.25%,42.03%,0.62%,0.00%,9.82%,52.47%
Jul-Sep 2013-8220 INTEGRATED INFRASTRUCTURE,8220 INTEGRATED INFRASTRUCTURE,Jul-Sep 2013,74.80%,13.69%,42.76%,138 147.20,323 095.20,6 828 665,50.20%,2.75,12.73,93 924,184 948,278 872,44 223,11.60%,10.39%,1.43%,19.51%,55.91%,36.36%,2.73%,0.00%,11.83%,50.92%
Jul-Sep 2013-9120 TRAFFIC & TRANSPORTATION,9120 TRAFFIC & TRANSPORTATION,Jul-Sep 2013,61.29%,-12.45%,41.07%,100 881.00,245 649.80,-359 313,35.20%,2.21,7,131 461,144 769,276 230,-30 580,-4.80%,-5.04%,-9.88%,-25.61%,-1285.49%,45.25%,4.66%,0.00%,21.62%,71.54%
Jul-Sep 2013-9320 ROADS & HIGHWAYS,9320 ROADS & HIGHWAYS,Jul-Sep 2013,80.77%,11.33%,44.66%,137 739.00,308 396.00,1 618 436,34.70%,2.42,9.71,102 788,170 657,273 445,34 951,7.45%,6.94%,-27.53%,-10.48%,-34.78%,41.29%,1.50%,0.00%,12.99%,55.78%
Jul-Sep 2013-9440 RAILWAY ENGINEERING SERVICES,9440 RAILWAY ENGINEERING SERVICES,Jul-Sep 2013,72.89%,17.75%,39.36%,217 604.90,552 910.90,1 302 230,55.00%,2.77,4.2,119 476,335 306,454 782,98 129,4.74%,4.53%,39.64%,20.43%,50.07%,36.06%,0.93%,0.00%,12.34%,49.33%
Oct-Dec 2013-3230 ENVIRONMENTAL SERVICES,3230 ENVIRONMENTAL SERVICES,Oct-Dec 2013,52.97%,-12.72%,53.90%,92 828.60,172 231.30,691 014,34.10%,3.15,9.67,114 740,79 403,194 143,-21 912,15.84%,13.68%,-12.21%,-4.09%,112.86%,31.75%,5.76%,0.00%,35.65%,73.16%
Oct-Dec 2013-4320 POWER AND ENERGY,4320 POWER AND ENERGY,Oct-Dec 2013,68.75%,12.27%,58.91%,126 932.00,215 481.40,1 855 375,10.60%,3.09,12.75,100 489,88 549,189 038,26 443,19.69%,16.45%,2.31%,11.33%,129.50%,32.38%,3.85%,0.00%,16.60%,52.83%
"Oct-Dec 2013-6240 DAMS, HYDROPOWER & UNDERGROUND","6240 DAMS, HYDROPOWER & UNDERGROUND",Oct-Dec 2013,72.09%,19.60%,38.38%,229 963.10,599 226.30,5 691 080,58.00%,2.24,14.25,112 520,369 263,481 784,117 443,18.81%,15.83%,-12.73%,-17.21%,-20.80%,44.58%,0.65%,0.00%,18.46%,63.70%
Oct-Dec 2013-8220 INTEGRATED INFRASTRUCTURE,8220 INTEGRATED INFRASTRUCTURE,Oct-Dec 2013,68.42%,5.43%,34.26%,112 086.10,327 210.50,2 650 511,56.30%,2.55,12.53,94 302,215 124,309 427,17 784,4.15%,3.98%,20.31%,13.27%,317.13%,39.19%,3.26%,0.00%,16.44%,58.89%
Oct-Dec 2013-9120 TRAFFIC & TRANSPORTATION,9120 TRAFFIC & TRANSPORTATION,Oct-Dec 2013,61.48%,7.79%,52.02%,149 107.30,286 608.70,1 367 678,33.40%,2.81,7.25,126 788,137 501,264 289,22 320,18.43%,15.56%,15.75%,20.99%,-475.44%,35.61%,4.33%,0.00%,17.43%,57.38%
Oct-Dec 2013-9320 ROADS & HIGHWAYS,9320 ROADS & HIGHWAYS,Oct-Dec 2013,71.77%,14.96%,45.65%,148 045.40,324 275.10,4 266 376,42.50%,2.81,9.38,99 547,176 230,275 777,48 498,19.78%,16.51%,-7.87%,18.64%,141.63%,35.62%,2.38%,0.00%,14.94%,52.94%
Oct-Dec 2013-9440 RAILWAY ENGINEERING SERVICES,9440 RAILWAY ENGINEERING SERVICES,Oct-Dec 2013,67.63%,19.26%,47.91%,201 893.20,421 425.60,3 137 675,38.90%,2.88,4.2,120 723,219 532,340 255,81 170,16.11%,13.87%,27.35%,34.75%,184.54%,34.68%,1.87%,0.00%,14.78%,51.33%
Jan-Mar 2014-3230 ENVIRONMENTAL SERVICES,3230 ENVIRONMENTAL SERVICES,Jan-Mar 2014,56.54%,-5.34%,58.60%,107 260.00,183 041.90,858 078,23.50%,3.42,9.67,117 043,75 782,192 825,-9 783,19.55%,16.35%,-12.05%,5.37%,13.90%,29.25%,4.84%,0.41%,29.48%,63.98%
Jan-Mar 2014-4320 POWER AND ENERGY,4320 POWER AND ENERGY,Jan-Mar 2014,70.26%,20.86%,62.79%,166 751.20,265 588.50,4 188 160,22.60%,3.66,14.5,111 343,98 837,210 180,55 408,40.20%,28.67%,19.81%,36.76%,80.32%,27.30%,3.68%,0.04%,13.06%,44.07%
"Jan-Mar 2014-6240 DAMS, HYDROPOWER & UNDERGROUND","6240 DAMS, HYDROPOWER & UNDERGROUND",Jan-Mar 2014,72.96%,12.44%,37.48%,144 193.70,384 741.40,2 632 894,47.20%,2.39,15,96 315,240 548,336 863,47 878,11.19%,10.06%,-18.67%,-25.15%,-48.43%,41.88%,0.71%,0.00%,16.25%,58.84%
Jan-Mar 2014-8220 INTEGRATED INFRASTRUCTURE,8220 INTEGRATED INFRASTRUCTURE,Jan-Mar 2014,71.20%,0.89%,31.67%,108 274.20,341 907.50,1 210 260,61.20%,2.45,13.38,105 245,233 633,338 878,3 030,1.76%,1.73%,7.45%,-8.65%,-87.89%,40.87%,3.10%,0.01%,15.45%,59.44%
Jan-Mar 2014-9120 TRAFFIC & TRANSPORTATION,9120 TRAFFIC & TRANSPORTATION,Jan-Mar 2014,64.60%,-1.57%,38.35%,108 283.00,282 351.50,306 290,55.40%,2.49,10.75,112 729,174 068,286 798,-4 446,2.84%,2.76%,29.77%,-0.01%,-139.37%,40.08%,6.57%,1.34%,17.46%,65.45%
Jan-Mar 2014-9320 ROADS & HIGHWAYS,9320 ROADS & HIGHWAYS,Jan-Mar 2014,73.94%,21.30%,45.69%,143 371.90,313 812.40,5 139 119,39.20%,2.55,12.43,76 530,170 440,246 970,66 842,23.86%,19.27%,-12.57%,4.31%,32.01%,39.19%,2.43%,0.00%,14.72%,56.34%
Jan-Mar 2014-9440 RAILWAY ENGINEERING SERVICES,9440 RAILWAY ENGINEERING SERVICES,Jan-Mar 2014,64.08%,12.46%,50.64%,182 261.70,359 924.20,1 765 718,32.00%,2.68,4.8,137 418,177 662,315 081,44 843,9.99%,9.08%,-5.39%,5.09%,-24.93%,37.26%,2.02%,0.08%,17.72%,57.08%
Jan-Mar 2014-9540 AIRPORTS,9540 AIRPORTS,Jan-Mar 2014,83.75%,26.83%,57.09%,375 166.40,657 114.00,5,0.00%,2.54,0,198 857,281 948,480 805,176 309,0.00%,0.00%,-23.78%,58.04%,-433.24%,39.43%,1.31%,1.87%,10.82%,53.43%
Apr-Jun 2014-3230 ENVIRONMENTAL SERVICES,3230 ENVIRONMENTAL SERVICES,Apr-Jun 2014,60.62%,-4.57%,59.50%,126 025.60,211 817.50,1 043 407,25.60%,3.26,11,135 701,85 792,221 493,-9 675,24.95%,19.97%,-19.52%,-3.33%,13.33%,30.69%,3.46%,2.94%,27.29%,64.38%
Apr-Jun 2014-4320 POWER AND ENERGY,4320 POWER AND ENERGY,Apr-Jun 2014,67.96%,4.49%,55.85%,125 032.70,223 872.90,1 647 480,15.60%,2.68,15.25,114 972,98 840,213 812,10 061,14.63%,12.76%,-8.43%,-10.59%,-62.58%,37.35%,2.99%,1.49%,16.66%,58.48%
"Apr-Jun 2014-6240 DAMS, HYDROPOWER & UNDERGROUND","6240 DAMS, HYDROPOWER & UNDERGROUND",Apr-Jun 2014,75.29%,11.48%,44.19%,181 789.10,411 393.20,3 427 277,29.90%,2.53,20.33,134 564,229 604,364 168,47 225,17.00%,14.53%,-30.01%,-23.71%,-55.45%,39.50%,1.11%,0.00%,13.36%,53.97%
Apr-Jun 2014-8220 INTEGRATED INFRASTRUCTURE,8220 INTEGRATED INFRASTRUCTURE,Apr-Jun 2014,71.85%,5.65%,30.70%,129 376.60,421 416.50,1 030 853,63.80%,2.43,13.31,105 571,292 040,397 611,23 806,1.21%,1.19%,26.50%,-2.05%,25.23%,41.08%,1.46%,0.00%,16.12%,58.66%
Apr-Jun 2014-9120 TRAFFIC & TRANSPORTATION,9120 TRAFFIC & TRANSPORTATION,Apr-Jun 2014,63.06%,1.38%,48.08%,132 470.50,275 532.30,904 880,35.40%,2.46,9.5,128 669,143 062,271 731,3 801,9.55%,8.72%,23.61%,18.98%,-136.24%,40.71%,2.36%,2.12%,20.15%,65.34%
Apr-Jun 2014-9320 ROADS & HIGHWAYS,9320 ROADS & HIGHWAYS,Apr-Jun 2014,78.91%,-2.52%,34.41%,84 745.70,246 282.30,-767 278,32.70%,1.93,16.33,90 957,161 537,252 494,-6 212,-3.20%,-3.30%,-20.08%,-35.40%,-114.85%,51.87%,2.49%,0.03%,13.76%,68.15%
Apr-Jun 2014-9440 RAILWAY ENGINEERING SERVICES,9440 RAILWAY ENGINEERING SERVICES,Apr-Jun 2014,57.69%,-6.99%,46.10%,150 377.90,326 181.10,714 466,27.30%,2.42,4.6,173 163,175 803,348 966,-22 785,4.71%,4.50%,-34.53%,-33.52%,-132.22%,41.33%,6.62%,0.59%,25.35%,73.89%
Apr-Jun 2014-9540 AIRPORTS,9540 AIRPORTS,Apr-Jun 2014,46.25%,-5.12%,59.49%,326 159.00,548 241.30,1 536,2.40%,2.81,0,354 205,222 082,576 288,-28 046,0.14%,0.14%,-64.45%,-23.20%,-131.94%,35.58%,2.99%,5.11%,32.99%,76.66%
Jul-Sep 2014-3230 ENVIRONMENTAL SERVICES,3230 ENVIRONMENTAL SERVICES,Jul-Sep 2014,64.33%,11.17%,64.32%,179 604.60,279 238.00,1 873 321,24.80%,3.5,15.5,148 427,99 633,248 061,31 177,42.04%,29.60%,-18.70%,1.36%,6.69%,28.59%,2.33%,3.01%,17.19%,51.11%
Jul-Sep 2014-4320 POWER AND ENERGY,4320 POWER AND ENERGY,Jul-Sep 2014,71.16%,9.98%,56.67%,154 760.30,273 087.20,2 601 972,22.90%,2.8,13.4,127 499,118 327,245 826,27 261,20.65%,17.12%,-6.11%,-6.53%,-41.26%,35.74%,3.27%,1.12%,13.76%,53.89%
"Jul-Sep 2014-6240 DAMS, HYDROPOWER & UNDERGROUND","6240 DAMS, HYDROPOWER & UNDERGROUND",Jul-Sep 2014,82.81%,19.77%,39.14%,197 801.10,505 396.40,2 759 461,42.90%,2.19,20.33,97 875,307 595,405 470,99 926,10.73%,9.69%,-11.83%,-10.04%,11.74%,45.61%,0.89%,0.91%,8.37%,55.79%
Jul-Sep 2014-8220 INTEGRATED INFRASTRUCTURE,8220 INTEGRATED INFRASTRUCTURE,Jul-Sep 2014,76.36%,17.09%,36.05%,212 141.90,588 505.70,16 988 221,68.70%,3.31,15.4,111 584,376 364,487 948,100 558,17.10%,14.60%,47.87%,34.02%,121.59%,30.23%,1.52%,0.01%,9.66%,41.43%
Jul-Sep 2014-9120 TRAFFIC & TRANSPORTATION,9120 TRAFFIC & TRANSPORTATION,Jul-Sep 2014,68.15%,13.59%,55.04%,165 342.20,300 424.90,2 249 750,30.40%,3.01,10.25,124 516,135 083,259 599,40 826,22.80%,18.57%,23.45%,36.03%,200.08%,33.25%,2.66%,3.46%,12.09%,51.46%
Jul-Sep 2014-9320 ROADS & HIGHWAYS,9320 ROADS & HIGHWAYS,Jul-Sep 2014,82.37%,18.60%,45.42%,152 573.30,335 927.40,3 916 494,36.30%,2.55,13.86,90 094,183 354,273 448,62 479,14.76%,12.86%,-2.25%,5.09%,4.43%,39.27%,2.36%,0.10%,7.31%,49.04%
Jul-Sep 2014-9440 RAILWAY ENGINEERING SERVICES,9440 RAILWAY ENGINEERING SERVICES,Jul-Sep 2014,66.18%,17.14%,56.41%,267 020.90,473 342.20,3 659 683,22.20%,2.85,4.6,185 876,206 321,392 197,81 145,22.34%,18.26%,-32.08%,-15.11%,-37.13%,35.09%,3.35%,0.40%,13.38%,52.22%
Jul-Sep 2014-9540 AIRPORTS,9540 AIRPORTS,Jul-Sep 2014,50.00%,10.77%,41.72%,536 798.20,1 286 520.20,528 112,68.40%,3.87,0.5,398 298,749 722,1 148 020,138 500,21.35%,17.59%,-21.42%,19.07%,-16.34%,25.86%,3.85%,3.88%,16.56%,50.15%
Oct-Dec 2014-3230 ENVIRONMENTAL SERVICES,3230 ENVIRONMENTAL SERVICES,Oct-Dec 2014,56.98%,2.00%,58.62%,169 140.50,288 547.70,1 656 933,39.60%,2.98,14.5,163 362,119 407,282 769,5 778,33.27%,24.97%,3.26%,17.97%,-123.38%,33.51%,4.47%,1.98%,27.51%,67.47%
Oct-Dec 2014-4320 POWER AND ENERGY,4320 POWER AND ENERGY,Oct-Dec 2014,59.35%,-20.40%,52.00%,102 464.20,197 036.40,561 861,21.70%,2.54,12,142 657,94 572,237 229,-40 193,5.30%,5.03%,-22.24%,-28.84%,-634.24%,39.39%,4.83%,2.62%,24.99%,71.84%
"Oct-Dec 2014-6240 DAMS, HYDROPOWER & UNDERGROUND","6240 DAMS, HYDROPOWER & UNDERGROUND",Oct-Dec 2014,78.46%,18.70%,37.38%,258 785.20,692 236.80,6 799 410,67.40%,2.43,25,129 325,433 452,562 776,129 460,19.71%,16.46%,47.62%,34.88%,166.96%,41.18%,0.56%,1.35%,12.76%,55.85%
Oct-Dec 2014-8220 INTEGRATED INFRASTRUCTURE,8220 INTEGRATED INFRASTRUCTURE,Oct-Dec 2014,65.67%,-2.21%,36.23%,119 930.70,331 033.70,4 551 025,53.90%,2.65,16.29,127 258,211 103,338 361,-7 327,7.34%,6.84%,2.79%,-7.23%,-778.97%,37.74%,2.74%,0.03%,18.41%,58.93%
Oct-Dec 2014-9120 TRAFFIC & TRANSPORTATION,9120 TRAFFIC & TRANSPORTATION,Oct-Dec 2014,62.43%,-5.79%,48.95%,119 927.20,245 023.60,577 908,27.40%,2.4,10,134 113,125 096,259 210,-14 186,6.38%,6.00%,13.47%,11.19%,-3.71%,41.62%,3.50%,2.81%,20.52%,68.46%
Oct-Dec 2014-9320 ROADS & HIGHWAYS,9320 ROADS & HIGHWAYS,Oct-Dec 2014,73.78%,-4.86%,35.38%,94 525.00,267 169.80,280 652,34.40%,2.01,14.57,107 511,172 645,280 156,-12 986,1.19%,1.18%,-7.96%,-22.42%,-164.40%,49.74%,1.32%,0.06%,17.70%,68.82%
Oct-Dec 2014-9440 RAILWAY ENGINEERING SERVICES,9440 RAILWAY ENGINEERING SERVICES,Oct-Dec 2014,64.57%,-16.72%,45.60%,151 908.00,333 097.20,-839 639,13.90%,2.08,5.33,207 613,181 189,388 802,-55 705,-5.46%,-5.77%,-43.16%,-42.56%,-196.65%,48.07%,3.38%,1.11%,22.93%,75.49%
Oct-Dec 2014-9540 AIRPORTS,9540 AIRPORTS,Oct-Dec 2014,36.71%,-44.09%,34.81%,124 143.70,356 601.80,-187 195,26.20%,2.38,0.5,281 377,232 458,513 835,-157 233,-13.61%,-15.75%,-60.49%,-50.05%,-1253.77%,42.06%,21.86%,9.29%,26.93%,100.14%
Jan-Mar 2015-3230 ENVIRONMENTAL SERVICES,3230 ENVIRONMENTAL SERVICES,Jan-Mar 2015,60.26%,16.19%,58.65%,185 174.80,315 713.10,2 178 663,35.60%,3.18,16,134 063,130 538,264 601,51 112,41.16%,29.16%,1.72%,12.17%,50.73%,31.45%,2.81%,3.68%,24.37%,62.31%
Jan-Mar 2015-4320 POWER AND ENERGY,4320 POWER AND ENERGY,Jan-Mar 2015,61.03%,7.58%,61.65%,142 872.40,231 735.00,2 856 238,7.80%,3.1,12.8,125 299,88 863,214 162,17 573,28.22%,22.01%,-22.78%,-15.12%,-68.04%,32.22%,1.66%,2.93%,20.65%,57.45%
"Jan-Mar 2015-6240 DAMS, HYDROPOWER & UNDERGROUND","6240 DAMS, HYDROPOWER & UNDERGROUND",Jan-Mar 2015,75.92%,21.03%,35.18%,207 394.70,589 589.00,5 638 576,67.60%,2.33,25,83 386,382 194,465 580,124 009,17.57%,14.94%,7.88%,-14.39%,-12.97%,42.97%,0.89%,1.30%,14.03%,59.19%
Jan-Mar 2015-8220 INTEGRATED INFRASTRUCTURE,8220 INTEGRATED INFRASTRUCTURE,Jan-Mar 2015,72.23%,4.52%,38.88%,121 947.20,313 688.10,3 710 914,47.70%,2.35,17,107 753,191 741,299 494,14 194,6.03%,5.69%,-20.30%,-19.04%,-70.05%,42.64%,1.81%,0.15%,16.68%,61.28%
Jan-Mar 2015-9120 TRAFFIC & TRANSPORTATION,9120 TRAFFIC & TRANSPORTATION,Jan-Mar 2015,68.57%,-4.84%,30.74%,79 501.90,258 623.30,-1 180 595,45.20%,1.86,12.25,92 017,179 121,271 138,-12 515,-9.60%,-10.62%,3.38%,-35.19%,-149.35%,53.63%,3.84%,4.49%,18.60%,80.54%
Jan-Mar 2015-9320 ROADS & HIGHWAYS,9320 ROADS & HIGHWAYS,Jan-Mar 2015,78.63%,10.45%,36.80%,96 059.30,261 028.00,-208 417,28.30%,1.91,15.14,68 777,164 969,233 745,27 283,-0.84%,-0.85%,-14.97%,-23.99%,-43.69%,52.34%,2.25%,0.00%,13.82%,68.40%
Jan-Mar 2015-9440 RAILWAY ENGINEERING SERVICES,9440 RAILWAY ENGINEERING SERVICES,Jan-Mar 2015,71.14%,27.56%,52.07%,252 912.70,485 745.90,3 016 878,21.60%,2.52,5.56,119 046,232 833,351 879,133 867,16.29%,14.01%,-23.03%,-12.72%,7.48%,39.63%,-0.80%,0.32%,15.81%,54.97%
Jan-Mar 2015-9540 AIRPORTS,9540 AIRPORTS,Jan-Mar 2015,49.06%,4.16%,19.01%,281 753.20,1 482 302.70,166 571,78.20%,2.34,1,220 101,1 200 549,1 420 650,61 652,5.06%,4.82%,-3.25%,-38.94%,-66.92%,42.78%,2.94%,7.38%,31.01%,84.12%
Apr-Jun 2015-3230 ENVIRONMENTAL SERVICES,3230 ENVIRONMENTAL SERVICES,Apr-Jun 2015,60.73%,-10.14%,54.23%,166 715.00,307 402.30,1 447 862,37.70%,3.02,16,197 886,140 687,338 573,-31 171,24.42%,19.62%,-22.76%,-22.41%,-61.50%,33.15%,4.13%,4.70%,21.70%,63.68%
Apr-Jun 2015-4320 POWER AND ENERGY,4320 POWER AND ENERGY,Apr-Jun 2015,61.73%,-29.68%,50.02%,97 092.80,194 106.80,239 588,15.70%,2.34,12.2,154 709,97 014,251 723,-57 616,2.31%,2.26%,-28.69%,-34.96%,-233.41%,42.65%,3.58%,4.23%,27.33%,77.79%
"Apr-Jun 2015-6240 DAMS, HYDROPOWER & UNDERGROUND","6240 DAMS, HYDROPOWER & UNDERGROUND",Apr-Jun 2015,73.00%,-15.75%,37.49%,109 749.40,292 771.10,-478 340,30.50%,2.05,20.33,155 848,183 022,338 870,-46 099,-2.74%,-2.82%,-48.76%,-54.83%,-136.03%,48.71%,0.71%,3.77%,15.75%,68.95%
Apr-Jun 2015-8220 INTEGRATED INFRASTRUCTURE,8220 INTEGRATED INFRASTRUCTURE,Apr-Jun 2015,70.85%,-2.15%,37.39%,118 275.30,316 303.00,3 394 192,43.50%,2.33,15.73,125 070,198 028,323 098,-6 795,5.45%,5.17%,-31.54%,-27.04%,-109.88%,42.96%,2.25%,0.25%,17.77%,63.23%
Apr-Jun 2015-9120 TRAFFIC & TRANSPORTATION,9120 TRAFFIC & TRANSPORTATION,Apr-Jun 2015,63.07%,-34.95%,41.43%,80 771.20,194 972.80,-968 526,16.80%,1.96,11.75,148 913,114 202,263 115,-68 142,-10.28%,-11.46%,-29.09%,-37.85%,-408.92%,51.08%,1.87%,4.79%,24.72%,82.47%
Apr-Jun 2015-9320 ROADS & HIGHWAYS,9320 ROADS & HIGHWAYS,Apr-Jun 2015,79.12%,-2.19%,36.37%,99 557.00,273 740.10,394 172,29.60%,1.96,17.67,105 545,174 183,279 728,-5 988,1.53%,1.51%,-1.39%,-10.52%,-114.19%,51.12%,2.02%,0.06%,13.48%,66.67%
Apr-Jun 2015-9440 RAILWAY ENGINEERING SERVICES,9440 RAILWAY ENGINEERING SERVICES,Apr-Jun 2015,61.11%,-21.25%,45.16%,149 164.90,330 333.90,-557 938,9.20%,2.02,5.44,219 367,181 169,400 536,-70 202,-3.59%,-3.73%,-30.65%,-35.72%,-197.03%,49.39%,5.05%,0.43%,25.65%,80.52%
Apr-Jun 2015-9540 AIRPORTS,9540 AIRPORTS,Apr-Jun 2015,69.82%,-18.11%,4.27%,120 690.90,2 826 983.70,-156 494,85.00%,1.46,1,632 774,2 706 293,3 339 067,-512 083,-5.25%,-5.54%,2.38%,-88.41%,-239.17%,68.50%,0.00%,10.60%,33.51%,112.61%
Jul-Sep 2015-3230 ENVIRONMENTAL SERVICES,3230 ENVIRONMENTAL SERVICES,Jul-Sep 2015,57.93%,6.65%,59.54%,236 421.10,397 053.50,9 432 581,14.40%,2.8,22.33,210 020,160 632,370 653,26 401,77.69%,43.72%,26.82%,38.62%,-62.53%,35.74%,1.66%,2.80%,11.38%,51.58%
Jul-Sep 2015-4320 POWER AND ENERGY,4320 POWER AND ENERGY,Jul-Sep 2015,67.45%,-3.16%,57.15%,138 699.40,242 695.80,1 930 773,17.40%,2.78,12,146 376,103 996,250 373,-7 677,17.40%,14.82%,-22.71%,-20.40%,-111.10%,35.96%,4.69%,3.07%,17.67%,61.38%
"Jul-Sep 2015-6240 DAMS, HYDROPOWER & UNDERGROUND","6240 DAMS, HYDROPOWER & UNDERGROUND",Jul-Sep 2015,83.46%,21.90%,47.23%,240 883.10,510 015.00,5 917 380,44.00%,2.34,19.67,129 176,269 132,398 308,111 707,25.94%,20.60%,-18.18%,-5.54%,-28.19%,42.73%,1.69%,0.77%,8.20%,53.39%
Jul-Sep 2015-8220 INTEGRATED INFRASTRUCTURE,8220 INTEGRATED INFRASTRUCTURE,Jul-Sep 2015,73.95%,1.94%,40.92%,134 266.90,328 102.10,5 076 435,43.70%,2.41,16.33,127 911,193 835,321 746,6 356,7.93%,7.34%,-35.74%,-24.96%,-92.53%,41.57%,3.54%,0.32%,13.85%,59.28%
Jul-Sep 2015-9120 TRAFFIC & TRANSPORTATION,9120 TRAFFIC & TRANSPORTATION,Jul-Sep 2015,60.15%,-45.72%,33.68%,66 290.80,196 842.30,-1 770 178,29.00%,1.77,11.75,156 277,130 551,286 829,-89 987,-17.75%,-21.58%,-35.41%,-55.93%,-306.50%,56.48%,7.61%,4.28%,26.05%,94.41%
Jul-Sep 2015-9320 ROADS & HIGHWAYS,9320 ROADS & HIGHWAYS,Jul-Sep 2015,82.19%,7.78%,39.90%,121 484.10,304 460.20,1 454 690,31.40%,2.08,15.43,97 807,182 976,280 783,23 677,5.20%,4.94%,6.31%,7.54%,-51.55%,48.12%,1.26%,0.10%,10.75%,60.23%
Jul-Sep 2015-9440 RAILWAY ENGINEERING SERVICES,9440 RAILWAY ENGINEERING SERVICES,Jul-Sep 2015,77.15%,12.13%,48.89%,228 915.90,468 197.90,816 492,13.70%,2.24,5.56,172 104,239 282,411 386,56 812,3.97%,3.82%,-9.09%,-8.87%,-44.80%,44.64%,-1.08%,0.10%,14.30%,57.96%
Jul-Sep 2015-9540 AIRPORTS,9540 AIRPORTS,Jul-Sep 2015,50.11%,-25.36%,41.26%,447 938.80,1 085 775.20,305 189,67.10%,2.99,1,723 271,637 836,1 361 107,-275 332,39.10%,28.11%,-61.74%,-58.21%,-167.18%,33.49%,7.65%,19.77%,30.46%,91.36%
Oct-Dec 2015-3230 ENVIRONMENTAL SERVICES,3230 ENVIRONMENTAL SERVICES,Oct-Dec 2015,57.96%,3.11%,61.67%,198 312.60,321 567.70,5 606 311,16.00%,3.39,21.67,188 314,123 255,311 570,9 998,49.48%,33.10%,10.33%,25.09%,-81.45%,29.53%,2.50%,2.69%,14.03%,48.75%
Oct-Dec 2015-4320 POWER AND ENERGY,4320 POWER AND ENERGY,Oct-Dec 2015,67.34%,-20.16%,52.79%,107 768.60,204 128.60,-128 366,6.80%,2.33,11.2,148 925,96 360,245 285,-41 156,-1.25%,-1.27%,-34.24%,-37.97%,-177.33%,42.89%,4.17%,2.98%,20.78%,70.83%
"Oct-Dec 2015-6240 DAMS, HYDROPOWER & UNDERGROUND","6240 DAMS, HYDROPOWER & UNDERGROUND",Oct-Dec 2015,79.18%,24.14%,40.23%,334 002.80,830 134.50,5 482 307,67.70%,2.36,19.67,133 627,496 132,629 758,200 376,14.34%,12.54%,44.21%,33.19%,45.14%,42.39%,1.11%,0.64%,12.07%,56.20%
Oct-Dec 2015-8220 INTEGRATED INFRASTRUCTURE,8220 INTEGRATED INFRASTRUCTURE,Oct-Dec 2015,73.03%,1.95%,39.21%,138 413.80,353 047.20,5 507 381,44.90%,2.44,15.33,131 523,214 633,346 157,6 891,8.24%,7.61%,-28.64%,-20.30%,-90.03%,40.95%,2.57%,0.30%,14.97%,58.79%
Oct-Dec 2015-9120 TRAFFIC & TRANSPORTATION,9120 TRAFFIC & TRANSPORTATION,Oct-Dec 2015,58.27%,-29.90%,28.28%,80 323.40,284 068.10,-993 977,56.80%,2.13,10,165 256,203 745,369 000,-84 932,-8.23%,-8.97%,-6.66%,-46.47%,-395.92%,46.88%,7.56%,3.23%,26.96%,84.63%
Oct-Dec 2015-9320 ROADS & HIGHWAYS,9320 ROADS & HIGHWAYS,Oct-Dec 2015,74.82%,-4.51%,30.29%,93 239.20,307 798.30,-904 601,46.30%,1.89,17.67,107 108,214 559,321 668,-13 869,-2.97%,-3.06%,8.93%,-16.53%,-131.05%,52.99%,0.72%,0.21%,18.20%,72.13%
Oct-Dec 2015-9440 RAILWAY ENGINEERING SERVICES,9440 RAILWAY ENGINEERING SERVICES,Oct-Dec 2015,72.52%,13.71%,49.13%,240 304.10,489 131.00,1 461 633,23.30%,2.32,5.56,173 234,248 827,422 060,67 071,6.95%,6.50%,-2.24%,-1.56%,-26.91%,43.08%,-0.23%,0.17%,16.38%,59.41%
Oct-Dec 2015-9540 AIRPORTS,9540 AIRPORTS,Oct-Dec 2015,8.46%,-40.66%,18.52%,220 776.80,1 191 841.00,179 771,96.30%,3.56,0,705 325,971 064,1 676 390,-484 549,17.76%,15.08%,-55.87%,-78.69%,-223.92%,28.13%,17.90%,255.71%,30.69%,332.43%
